INSERT INTO ROLE(ID, NAME) VALUES (1, 'admin');
INSERT INTO ROLE(ID, NAME) VALUES (2, 'company');
INSERT INTO ROLE(ID, NAME) VALUES (3, 'employee');
INSERT INTO ACCOUNT(LOGIN, PASSWORD, ROLE_ID) VALUES ('admin', '25e4ee4e9229397b6b17776bfceaf8e7', 1);
INSERT INTO ACCOUNT(LOGIN, PASSWORD, ROLE_ID) VALUES ('user', '63e780c3f321d13109c71bf81805476e', 2);
INSERT INTO COMPANY(ID, NAME, NIP, REGON, ACCOUNT_LOGIN) VALUES (1, 'LG', '4631246319', '634124827', 'user');
INSERT INTO COMPANY(ID, NAME, NIP, REGON, ACCOUNT_LOGIN) VALUES (2, 'Microsoft Corp.', '6324613294', '732647327', 'admin');
INSERT INTO RANK(ID, HOURSALARY, NAME, COMPANY_ID) VALUES (1, 6.0, 'sprzedawca', 1);
INSERT INTO RANK(ID, HOURSALARY, NAME, COMPANY_ID) VALUES (2, 4.0, 'kurier', 1);
INSERT INTO RANK(ID, HOURSALARY, NAME, COMPANY_ID) VALUES (3, 10.0, 'kierownik', 1);
INSERT INTO RANK(ID, HOURSALARY, NAME, COMPANY_ID) VALUES (4, 6.0, 'recepcjonista', 2);
INSERT INTO RANK(ID, HOURSALARY, NAME, COMPANY_ID) VALUES (5, 6.0, 'manager', 2);
INSERT INTO RANK(ID, HOURSALARY, NAME, COMPANY_ID) VALUES (6, 6.0, 'konsultant it', 1);
INSERT INTO RANK(ID, HOURSALARY, NAME, COMPANY_ID) VALUES (7, 6.0, 'mechanik', 2);
INSERT INTO SHIFT(ID, NAME, TIMEEND, TIMESTART, COMPANY_ID) VALUES (1, 'nocna', 700, 1900, 2);
INSERT INTO SHIFT(ID, NAME, TIMEEND, TIMESTART, COMPANY_ID) VALUES (2, 'dzienna 1', 1500, 700, 2);
INSERT INTO SHIFT(ID, NAME, TIMEEND, TIMESTART, COMPANY_ID) VALUES (3, 'dzienna 2', 1900, 700, 2);
INSERT INTO SHIFT(ID, NAME, TIMEEND, TIMESTART, COMPANY_ID) VALUES (4, 'biuro', 1600, 800, 1);
INSERT INTO CALENDAR(ID, DAY, MONTH, YEAR) VALUES (1, 10, 4, 2011);
INSERT INTO CALENDAR(ID, DAY, MONTH, YEAR) VALUES (2, 11, 4, 2011);
INSERT INTO CALENDAR(ID, DAY, MONTH, YEAR) VALUES (3, 1, 1, 2011);
INSERT INTO CALENDAR(ID, DAY, MONTH, YEAR) VALUES (4, 11, 4, 2011);
INSERT INTO CALENDAR(ID, DAY, MONTH, YEAR) VALUES (5, 2, 2, 2011);
INSERT INTO CALENDAR(ID, DAY, MONTH, YEAR) VALUES (6, 30, 10, 2011);
INSERT INTO CALENDAR(ID, DAY, MONTH, YEAR) VALUES (7, 10, 7, 2010);
INSERT INTO CALENDAR(ID, DAY, MONTH, YEAR) VALUES (8, 10, 8, 2012);
INSERT INTO CALENDAR(ID, DAY, MONTH, YEAR) VALUES (9, 10, 8, 2010);
INSERT INTO CALENDAR(ID, DAY, MONTH, YEAR) VALUES (10, 10, 4, 2012);
INSERT INTO CALENDAR(ID, DAY, MONTH, YEAR) VALUES (11, 6, 5, 2011);
INSERT INTO CALENDAR(ID, DAY, MONTH, YEAR) VALUES (12, 7, 5, 2011);
INSERT INTO CALENDAR(ID, DAY, MONTH, YEAR) VALUES (13, 8, 5, 2011);
INSERT INTO CALENDAR(ID, DAY, MONTH, YEAR) VALUES (14, 7, 5, 2011);
INSERT INTO CALENDAR(ID, DAY, MONTH, YEAR) VALUES (15, 13, 5, 2011);
INSERT INTO CALENDAR(ID, DAY, MONTH, YEAR) VALUES (16, 14, 5, 2011);
INSERT INTO CALENDAR(ID, DAY, MONTH, YEAR) VALUES (17, 15, 5, 2011);
INSERT INTO CALENDAR(ID, DAY, MONTH, YEAR) VALUES (18, 16, 5, 2011);
INSERT INTO CALENDAR(ID, DAY, MONTH, YEAR) VALUES (19, 17, 5, 2011);
INSERT INTO CALENDAR(ID, DAY, MONTH, YEAR) VALUES (20, 18, 5, 2011);
INSERT INTO CALENDAR(ID, DAY, MONTH, YEAR) VALUES (21, 12, 5, 2011);
INSERT INTO CALENDAR(ID, DAY, MONTH, YEAR) VALUES (22, 9, 5, 2011);
INSERT INTO CALENDAR(ID, DAY, MONTH, YEAR) VALUES (23, 30, 4, 2011);
INSERT INTO CALENDAR(ID, DAY, MONTH, YEAR) VALUES (24, 31, 4, 2011);
INSERT INTO CALENDAR(ID, DAY, MONTH, YEAR) VALUES (25, 1, 5, 2011);
INSERT INTO CALENDAR(ID, DAY, MONTH, YEAR) VALUES (26, 2, 5, 2011);
INSERT INTO CALENDAR(ID, DAY, MONTH, YEAR) VALUES (27, 3, 5, 2011);
INSERT INTO CALENDAR(ID, DAY, MONTH, YEAR) VALUES (28, 4, 5, 2011);
INSERT INTO CALENDAR(ID, DAY, MONTH, YEAR) VALUES (29, 5, 5, 2011);
INSERT INTO CALENDAR(ID, DAY, MONTH, YEAR) VALUES (30, 10, 5, 2011);
INSERT INTO CALENDAR(ID, DAY, MONTH, YEAR) VALUES (31, 11, 5, 2011);
INSERT INTO CALENDAR(ID, DAY, MONTH, YEAR) VALUES (32, 19, 5, 2011);
INSERT INTO CALENDAR(ID, DAY, MONTH, YEAR) VALUES (33, 20, 5, 2011);
INSERT INTO CALENDAR(ID, DAY, MONTH, YEAR) VALUES (34, 21, 5, 2011);
INSERT INTO CALENDAR(ID, DAY, MONTH, YEAR) VALUES (35, 22, 5, 2011);
INSERT INTO CALENDAR(ID, DAY, MONTH, YEAR) VALUES (36, 23, 5, 2011);
INSERT INTO CALENDAR(ID, DAY, MONTH, YEAR) VALUES (37, 24, 5, 2011);
INSERT INTO CALENDAR(ID, DAY, MONTH, YEAR) VALUES (38, 25, 5, 2011);
INSERT INTO CALENDAR(ID, DAY, MONTH, YEAR) VALUES (39, 26, 5, 2011);
INSERT INTO CALENDAR(ID, DAY, MONTH, YEAR) VALUES (40, 27, 5, 2011);
INSERT INTO CALENDAR(ID, DAY, MONTH, YEAR) VALUES (41, 28, 5, 2011);
INSERT INTO CALENDAR(ID, DAY, MONTH, YEAR) VALUES (42, 19, 5, 2011);
INSERT INTO CALENDAR(ID, DAY, MONTH, YEAR) VALUES (43, 29, 5, 2011);
INSERT INTO CALENDAR(ID, DAY, MONTH, YEAR) VALUES (44, 30, 5, 2011);
INSERT INTO CALENDAR(ID, DAY, MONTH, YEAR) VALUES (45, 15, 4, 2011);
INSERT INTO CALENDAR(ID, DAY, MONTH, YEAR) VALUES (46, 16, 4, 2011);
INSERT INTO CALENDAR(ID, DAY, MONTH, YEAR) VALUES (47, 17, 4, 2011);
INSERT INTO CALENDAR(ID, DAY, MONTH, YEAR) VALUES (48, 18, 4, 2011);
INSERT INTO CALENDAR(ID, DAY, MONTH, YEAR) VALUES (49, 19, 4, 2011);
INSERT INTO CALENDAR(ID, DAY, MONTH, YEAR) VALUES (50, 20, 4, 2011);
INSERT INTO CALENDAR(ID, DAY, MONTH, YEAR) VALUES (51, 21, 4, 2011);
INSERT INTO CALENDAR(ID, DAY, MONTH, YEAR) VALUES (52, 22, 4, 2011);
INSERT INTO CALENDAR(ID, DAY, MONTH, YEAR) VALUES (53, 15, 4, 2011);
INSERT INTO CALENDAR(ID, DAY, MONTH, YEAR) VALUES (54, 24, 4, 2011);
INSERT INTO CALENDAR(ID, DAY, MONTH, YEAR) VALUES (55, 25, 4, 2011);
INSERT INTO CALENDAR(ID, DAY, MONTH, YEAR) VALUES (56, 26, 4, 2011);
INSERT INTO CALENDAR(ID, DAY, MONTH, YEAR) VALUES (57, 27, 4, 2011);
INSERT INTO CALENDAR(ID, DAY, MONTH, YEAR) VALUES (58, 28, 4, 2011);
INSERT INTO CALENDAR(ID, DAY, MONTH, YEAR) VALUES (59, 29, 4, 2011);
INSERT INTO CALENDAR(ID, DAY, MONTH, YEAR) VALUES (60, 2, 4, 2011);
INSERT INTO CALENDAR(ID, DAY, MONTH, YEAR) VALUES (61, 3, 4, 2011);
INSERT INTO CALENDAR(ID, DAY, MONTH, YEAR) VALUES (62, 4, 4, 2011);
INSERT INTO CALENDAR(ID, DAY, MONTH, YEAR) VALUES (63, 5, 4, 2011);
INSERT INTO CALENDAR(ID, DAY, MONTH, YEAR) VALUES (64, 6, 4, 2011);
INSERT INTO CALENDAR(ID, DAY, MONTH, YEAR) VALUES (65, 7, 4, 2011);
INSERT INTO CALENDAR(ID, DAY, MONTH, YEAR) VALUES (66, 8, 4, 2011);
INSERT INTO CALENDAR(ID, DAY, MONTH, YEAR) VALUES (67, 9, 4, 2011);
INSERT INTO CALENDAR(ID, DAY, MONTH, YEAR) VALUES (68, 12, 4, 2011);
INSERT INTO CALENDAR(ID, DAY, MONTH, YEAR) VALUES (69, 13, 4, 2011);
INSERT INTO CALENDAR(ID, DAY, MONTH, YEAR) VALUES (70, 14, 4, 2011);


INSERT INTO EMPLOYEEDETAILS(ID, APARTMENTNUMBER, BUILDINGNUMBER, CITY, EMAIL, PHONENUMBER, POSTCODE, STAIRCASENUMBER, STREET) VALUES (1, '10', '8', 'Gdansk', 'michal.gosc@example.com', '600-500-400', '86-333', 'B', 'Grunwaldzka');
INSERT INTO EMPLOYEEDETAILS(ID, APARTMENTNUMBER, BUILDINGNUMBER, CITY, EMAIL, PHONENUMBER, POSTCODE, STAIRCASENUMBER, STREET) VALUES (2, '1', '11', 'Warszawa', 'zosia.sculi@example.com', '600-500-400', '57-333', 'G', 'Grunwaldzka');
INSERT INTO EMPLOYEEDETAILS(ID, APARTMENTNUMBER, BUILDINGNUMBER, CITY, EMAIL, PHONENUMBER, POSTCODE, STAIRCASENUMBER, STREET) VALUES (3, '2', '14', 'Sopot', 'fox.mulder@example.com', '600-500-400', '89-223', 'A', 'Szczesliwa');
INSERT INTO EMPLOYEEDETAILS(ID, APARTMENTNUMBER, BUILDINGNUMBER, CITY, EMAIL, PHONENUMBER, POSTCODE, STAIRCASENUMBER, STREET) VALUES (4, '8', '9', 'Gdansk', 'adam.ark@example.com', '600-500-400', '85-303', 'X', 'Polanki');
INSERT INTO EMPLOYEEDETAILS(ID, APARTMENTNUMBER, BUILDINGNUMBER, CITY, EMAIL, PHONENUMBER, POSTCODE, STAIRCASENUMBER, STREET) VALUES (5, '9', '1', 'Elblag', 'mateusz.glom@example.com', '600-500-400', '74-006', 'Y', 'Lipowa');
INSERT INTO EMPLOYEEDETAILS(ID, APARTMENTNUMBER, BUILDINGNUMBER, CITY, EMAIL, PHONENUMBER, POSTCODE, STAIRCASENUMBER, STREET) VALUES (6, '1', '2', 'Szczecin', 'albert.batman@example.com', '601-502-403', '20-133', 'U', 'Szczecinska');
INSERT INTO EMPLOYEEDETAILS(ID, APARTMENTNUMBER, BUILDINGNUMBER, CITY, EMAIL, PHONENUMBER, POSTCODE, STAIRCASENUMBER, STREET) VALUES (7, '1', '2', 'Szczecin', 'lucjan.prawy@example.com', '601-502-403', '20-133', 'U', 'Szczecinska');
INSERT INTO EMPLOYEEDETAILS(ID, APARTMENTNUMBER, BUILDINGNUMBER, CITY, EMAIL, PHONENUMBER, POSTCODE, STAIRCASENUMBER, STREET) VALUES (8, '1', '2', 'Szczecin', 'scala.johansson@example.com', '601-502-403', '20-133', 'U', 'Szczecinska');
INSERT INTO EMPLOYEEDETAILS(ID, APARTMENTNUMBER, BUILDINGNUMBER, CITY, EMAIL, PHONENUMBER, POSTCODE, STAIRCASENUMBER, STREET) VALUES (9, '1', '2', 'Szczecin', 'ada.wendows@example.com', '601-502-403', '20-133', 'U', 'Szczecinska');
INSERT INTO EMPLOYEEDETAILS(ID, APARTMENTNUMBER, BUILDINGNUMBER, CITY, EMAIL, PHONENUMBER, POSTCODE, STAIRCASENUMBER, STREET) VALUES (10, '', '', '', null, '', '', '', '');
INSERT INTO EMPLOYEEDETAILS(ID, APARTMENTNUMBER, BUILDINGNUMBER, CITY, EMAIL, PHONENUMBER, POSTCODE, STAIRCASENUMBER, STREET) VALUES (11, '', '', '', null, '', '', '', '');

INSERT INTO EMPLOYEE(ID, FIRSTNAME, NIP, PESEL, SURNAME, YOB, ACCOUNT_LOGIN, COMPANY_ID, DETAILS_ID, RANK_ID) VALUES (1, 'Michal', '642-346-32-82', '89060612345', 'Gość', 1989, null, 1, 1, 2);
INSERT INTO EMPLOYEE(ID, FIRSTNAME, NIP, PESEL, SURNAME, YOB, ACCOUNT_LOGIN, COMPANY_ID, DETAILS_ID, RANK_ID) VALUES (2, 'Zosia', '532-427-74-32', '89010233344', 'Sculi', 1989, null, 1, 2, 1);
INSERT INTO EMPLOYEE(ID, FIRSTNAME, NIP, PESEL, SURNAME, YOB, ACCOUNT_LOGIN, COMPANY_ID, DETAILS_ID, RANK_ID) VALUES (3, 'Fox', '647-347-26-63', '82021810012', 'Mulder', 1982, null, 2, 3, 5);
INSERT INTO EMPLOYEE(ID, FIRSTNAME, NIP, PESEL, SURNAME, YOB, ACCOUNT_LOGIN, COMPANY_ID, DETAILS_ID, RANK_ID) VALUES (4, 'Adam', '642-346-32-82', '87060612345', 'Ark', 1987, null, 2, 4, 7);
INSERT INTO EMPLOYEE(ID, FIRSTNAME, NIP, PESEL, SURNAME, YOB, ACCOUNT_LOGIN, COMPANY_ID, DETAILS_ID, RANK_ID) VALUES (5, 'Mateusz', '532-427-74-32', '90010233344', 'Glom', 1990, null, 1, 5, 3);
INSERT INTO EMPLOYEE(ID, FIRSTNAME, NIP, PESEL, SURNAME, YOB, ACCOUNT_LOGIN, COMPANY_ID, DETAILS_ID, RANK_ID) VALUES (6, 'Albert', '647-347-26-63', '82021810012', 'Batman', 1982, null, 2, 6, 4);
INSERT INTO EMPLOYEE(ID, FIRSTNAME, NIP, PESEL, SURNAME, YOB, ACCOUNT_LOGIN, COMPANY_ID, DETAILS_ID, RANK_ID) VALUES (7, 'Lucjan', '642-346-32-82', '84060612345', 'Prawy', 1984, null, 2, 7, 4);
INSERT INTO EMPLOYEE(ID, FIRSTNAME, NIP, PESEL, SURNAME, YOB, ACCOUNT_LOGIN, COMPANY_ID, DETAILS_ID, RANK_ID) VALUES (8, 'Scala', '532-427-74-32', '80010233344', 'Johansson', 1980, null, 1, 8, 6);
INSERT INTO EMPLOYEE(ID, FIRSTNAME, NIP, PESEL, SURNAME, YOB, ACCOUNT_LOGIN, COMPANY_ID, DETAILS_ID, RANK_ID) VALUES (9, 'Ada', '647-347-26-63', '76021810012', 'Wendows', 1976, null, 2, 9, 5);
INSERT INTO EMPLOYEE(ID, FIRSTNAME, NIP, PESEL, SURNAME, YOB, ACCOUNT_LOGIN, COMPANY_ID, DETAILS_ID, RANK_ID) VALUES (10, 'Franek', '123-456-32-18', '78120203337', 'Kimono', 1978, null, 2, 10, null);
INSERT INTO EMPLOYEE(ID, FIRSTNAME, NIP, PESEL, SURNAME, YOB, ACCOUNT_LOGIN, COMPANY_ID, DETAILS_ID, RANK_ID) VALUES (11, 'Georgio', '123-456-32-17', '80080867893', 'Majdani', 1980, null, 2, 11, null);

INSERT INTO EMPLOYMENT(ID, CONTRACTTYPE, CONTRACTVALUE, HOURSALARY, HOURSNORM, PERIOD, EMPLOYEE_ID, ENDDATE_ID, STARTDATE_ID) VALUES (1, 'Zlecenie', 10000.0, 0.0, 480, 3, 7, 4, 3);
INSERT INTO EMPLOYMENT(ID, CONTRACTTYPE, CONTRACTVALUE, HOURSALARY, HOURSNORM, PERIOD, EMPLOYEE_ID, ENDDATE_ID, STARTDATE_ID) VALUES (2, 'Zlecenie', 12000.0, 0.0, 480, 3, 8, 6, 5);
INSERT INTO EMPLOYMENT(ID, CONTRACTTYPE, CONTRACTVALUE, HOURSALARY, HOURSNORM, PERIOD, EMPLOYEE_ID, ENDDATE_ID, STARTDATE_ID) VALUES (3, 'Zlecenie', 20000.0, 0.0, 240, 3, 9, 6, 5);
INSERT INTO EMPLOYMENT(ID, CONTRACTTYPE, CONTRACTVALUE, HOURSALARY, HOURSNORM, PERIOD, EMPLOYEE_ID, ENDDATE_ID, STARTDATE_ID) VALUES (4, 'Oprace', 0.0, 8.0, 160, 1, 1, 4, 3);
INSERT INTO EMPLOYMENT(ID, CONTRACTTYPE, CONTRACTVALUE, HOURSALARY, HOURSNORM, PERIOD, EMPLOYEE_ID, ENDDATE_ID, STARTDATE_ID) VALUES (5, 'Oprace', 0.0, 8.0, 160, 1, 2, 4, 3);
INSERT INTO EMPLOYMENT(ID, CONTRACTTYPE, CONTRACTVALUE, HOURSALARY, HOURSNORM, PERIOD, EMPLOYEE_ID, ENDDATE_ID, STARTDATE_ID) VALUES (6, 'Oprace', 0.0, 8.0, 160, 1, 3, 4, 3);
INSERT INTO EMPLOYMENT(ID, CONTRACTTYPE, CONTRACTVALUE, HOURSALARY, HOURSNORM, PERIOD, EMPLOYEE_ID, ENDDATE_ID, STARTDATE_ID) VALUES (7, 'Oprace', 0.0, 10.0, 80, 1, 4, 4, 3);
INSERT INTO EMPLOYMENT(ID, CONTRACTTYPE, CONTRACTVALUE, HOURSALARY, HOURSNORM, PERIOD, EMPLOYEE_ID, ENDDATE_ID, STARTDATE_ID) VALUES (8, 'Oprace', 0.0, 10.0, 80, 1, 5, 6, 5);
INSERT INTO EMPLOYMENT(ID, CONTRACTTYPE, CONTRACTVALUE, HOURSALARY, HOURSNORM, PERIOD, EMPLOYEE_ID, ENDDATE_ID, STARTDATE_ID) VALUES (9, 'Oprace', 0.0, 12.0, 80, 1, 6, 6, 5);
INSERT INTO EMPLOYMENT(ID, CONTRACTTYPE, CONTRACTVALUE, HOURSALARY, HOURSNORM, PERIOD, EMPLOYEE_ID, ENDDATE_ID, STARTDATE_ID) VALUES (10, 'O prace', 0.0, 10.0, 160, 1, 10, 8, 7);
INSERT INTO EMPLOYMENT(ID, CONTRACTTYPE, CONTRACTVALUE, HOURSALARY, HOURSNORM, PERIOD, EMPLOYEE_ID, ENDDATE_ID, STARTDATE_ID) VALUES (11, 'O prace', 0.0, 12.0, 480, 3, 11, 10, 9);



INSERT INTO SCHEDULE(ID, CALENDAR_ID, COMPANY_ID, SHIFT_ID) VALUES (1, 1, 2, 1);
INSERT INTO SCHEDULE(ID, CALENDAR_ID, COMPANY_ID, SHIFT_ID) VALUES (2, 2, 2, 1);
INSERT INTO SCHEDULE(ID, CALENDAR_ID, COMPANY_ID, SHIFT_ID) VALUES (3, 11, 2, 1);
INSERT INTO SCHEDULE(ID, CALENDAR_ID, COMPANY_ID, SHIFT_ID) VALUES (4, 12, 2, 1);
INSERT INTO SCHEDULE(ID, CALENDAR_ID, COMPANY_ID, SHIFT_ID) VALUES (5, 13, 2, 1);
INSERT INTO SCHEDULE(ID, CALENDAR_ID, COMPANY_ID, SHIFT_ID) VALUES (6, 11, 2, 2);
INSERT INTO SCHEDULE(ID, CALENDAR_ID, COMPANY_ID, SHIFT_ID) VALUES (7, 11, 2, 3);
INSERT INTO SCHEDULE(ID, CALENDAR_ID, COMPANY_ID, SHIFT_ID) VALUES (8, 12, 2, 2);
INSERT INTO SCHEDULE(ID, CALENDAR_ID, COMPANY_ID, SHIFT_ID) VALUES (9, 12, 2, 3);
INSERT INTO SCHEDULE(ID, CALENDAR_ID, COMPANY_ID, SHIFT_ID) VALUES (10, 13, 2, 2);
INSERT INTO SCHEDULE(ID, CALENDAR_ID, COMPANY_ID, SHIFT_ID) VALUES (11, 13, 2, 3);
INSERT INTO SCHEDULE(ID, CALENDAR_ID, COMPANY_ID, SHIFT_ID) VALUES (12, 15, 2, 3);
INSERT INTO SCHEDULE(ID, CALENDAR_ID, COMPANY_ID, SHIFT_ID) VALUES (13, 16, 2, 3);
INSERT INTO SCHEDULE(ID, CALENDAR_ID, COMPANY_ID, SHIFT_ID) VALUES (14, 17, 2, 3);
INSERT INTO SCHEDULE(ID, CALENDAR_ID, COMPANY_ID, SHIFT_ID) VALUES (15, 18, 2, 3);
INSERT INTO SCHEDULE(ID, CALENDAR_ID, COMPANY_ID, SHIFT_ID) VALUES (16, 19, 2, 3);
INSERT INTO SCHEDULE(ID, CALENDAR_ID, COMPANY_ID, SHIFT_ID) VALUES (17, 20, 2, 3);
INSERT INTO SCHEDULE(ID, CALENDAR_ID, COMPANY_ID, SHIFT_ID) VALUES (19, 21, 2, 2);
INSERT INTO SCHEDULE(ID, CALENDAR_ID, COMPANY_ID, SHIFT_ID) VALUES (20, 15, 2, 2);
INSERT INTO SCHEDULE(ID, CALENDAR_ID, COMPANY_ID, SHIFT_ID) VALUES (21, 16, 2, 2);
INSERT INTO SCHEDULE(ID, CALENDAR_ID, COMPANY_ID, SHIFT_ID) VALUES (22, 17, 2, 2);
INSERT INTO SCHEDULE(ID, CALENDAR_ID, COMPANY_ID, SHIFT_ID) VALUES (23, 18, 2, 2);
INSERT INTO SCHEDULE(ID, CALENDAR_ID, COMPANY_ID, SHIFT_ID) VALUES (24, 22, 2, 1);
INSERT INTO SCHEDULE(ID, CALENDAR_ID, COMPANY_ID, SHIFT_ID) VALUES (26, 24, 2, 1);
INSERT INTO SCHEDULE(ID, CALENDAR_ID, COMPANY_ID, SHIFT_ID) VALUES (27, 25, 2, 1);
INSERT INTO SCHEDULE(ID, CALENDAR_ID, COMPANY_ID, SHIFT_ID) VALUES (28, 26, 2, 1);
INSERT INTO SCHEDULE(ID, CALENDAR_ID, COMPANY_ID, SHIFT_ID) VALUES (29, 27, 2, 1);
INSERT INTO SCHEDULE(ID, CALENDAR_ID, COMPANY_ID, SHIFT_ID) VALUES (30, 28, 2, 1);
INSERT INTO SCHEDULE(ID, CALENDAR_ID, COMPANY_ID, SHIFT_ID) VALUES (31, 25, 2, 2);
INSERT INTO SCHEDULE(ID, CALENDAR_ID, COMPANY_ID, SHIFT_ID) VALUES (32, 26, 2, 2);
INSERT INTO SCHEDULE(ID, CALENDAR_ID, COMPANY_ID, SHIFT_ID) VALUES (33, 27, 2, 2);
INSERT INTO SCHEDULE(ID, CALENDAR_ID, COMPANY_ID, SHIFT_ID) VALUES (34, 28, 2, 2);
INSERT INTO SCHEDULE(ID, CALENDAR_ID, COMPANY_ID, SHIFT_ID) VALUES (35, 29, 2, 2);
INSERT INTO SCHEDULE(ID, CALENDAR_ID, COMPANY_ID, SHIFT_ID) VALUES (36, 22, 2, 2);
INSERT INTO SCHEDULE(ID, CALENDAR_ID, COMPANY_ID, SHIFT_ID) VALUES (37, 30, 2, 2);
INSERT INTO SCHEDULE(ID, CALENDAR_ID, COMPANY_ID, SHIFT_ID) VALUES (38, 31, 2, 2);
INSERT INTO SCHEDULE(ID, CALENDAR_ID, COMPANY_ID, SHIFT_ID) VALUES (39, 19, 2, 1);
INSERT INTO SCHEDULE(ID, CALENDAR_ID, COMPANY_ID, SHIFT_ID) VALUES (40, 20, 2, 1);
INSERT INTO SCHEDULE(ID, CALENDAR_ID, COMPANY_ID, SHIFT_ID) VALUES (41, 32, 2, 1);
INSERT INTO SCHEDULE(ID, CALENDAR_ID, COMPANY_ID, SHIFT_ID) VALUES (42, 33, 2, 1);
INSERT INTO SCHEDULE(ID, CALENDAR_ID, COMPANY_ID, SHIFT_ID) VALUES (43, 34, 2, 1);
INSERT INTO SCHEDULE(ID, CALENDAR_ID, COMPANY_ID, SHIFT_ID) VALUES (44, 35, 2, 1);
INSERT INTO SCHEDULE(ID, CALENDAR_ID, COMPANY_ID, SHIFT_ID) VALUES (45, 36, 2, 1);
INSERT INTO SCHEDULE(ID, CALENDAR_ID, COMPANY_ID, SHIFT_ID) VALUES (46, 32, 2, 2);
INSERT INTO SCHEDULE(ID, CALENDAR_ID, COMPANY_ID, SHIFT_ID) VALUES (47, 33, 2, 2);
INSERT INTO SCHEDULE(ID, CALENDAR_ID, COMPANY_ID, SHIFT_ID) VALUES (48, 34, 2, 2);
INSERT INTO SCHEDULE(ID, CALENDAR_ID, COMPANY_ID, SHIFT_ID) VALUES (49, 35, 2, 2);
INSERT INTO SCHEDULE(ID, CALENDAR_ID, COMPANY_ID, SHIFT_ID) VALUES (50, 36, 2, 2);
INSERT INTO SCHEDULE(ID, CALENDAR_ID, COMPANY_ID, SHIFT_ID) VALUES (51, 37, 2, 2);
INSERT INTO SCHEDULE(ID, CALENDAR_ID, COMPANY_ID, SHIFT_ID) VALUES (52, 38, 2, 2);
INSERT INTO SCHEDULE(ID, CALENDAR_ID, COMPANY_ID, SHIFT_ID) VALUES (53, 39, 2, 2);
INSERT INTO SCHEDULE(ID, CALENDAR_ID, COMPANY_ID, SHIFT_ID) VALUES (54, 40, 2, 2);
INSERT INTO SCHEDULE(ID, CALENDAR_ID, COMPANY_ID, SHIFT_ID) VALUES (55, 41, 2, 2);
INSERT INTO SCHEDULE(ID, CALENDAR_ID, COMPANY_ID, SHIFT_ID) VALUES (56, 37, 2, 1);
INSERT INTO SCHEDULE(ID, CALENDAR_ID, COMPANY_ID, SHIFT_ID) VALUES (57, 38, 2, 1);
INSERT INTO SCHEDULE(ID, CALENDAR_ID, COMPANY_ID, SHIFT_ID) VALUES (58, 39, 2, 1);
INSERT INTO SCHEDULE(ID, CALENDAR_ID, COMPANY_ID, SHIFT_ID) VALUES (59, 40, 2, 1);
INSERT INTO SCHEDULE(ID, CALENDAR_ID, COMPANY_ID, SHIFT_ID) VALUES (60, 41, 2, 1);
INSERT INTO SCHEDULE(ID, CALENDAR_ID, COMPANY_ID, SHIFT_ID) VALUES (61, 43, 2, 1);
INSERT INTO SCHEDULE(ID, CALENDAR_ID, COMPANY_ID, SHIFT_ID) VALUES (62, 44, 2, 1);
INSERT INTO SCHEDULE(ID, CALENDAR_ID, COMPANY_ID, SHIFT_ID) VALUES (63, 41, 2, 3);
INSERT INTO SCHEDULE(ID, CALENDAR_ID, COMPANY_ID, SHIFT_ID) VALUES (64, 43, 2, 3);
INSERT INTO SCHEDULE(ID, CALENDAR_ID, COMPANY_ID, SHIFT_ID) VALUES (65, 44, 2, 3);
INSERT INTO SCHEDULE(ID, CALENDAR_ID, COMPANY_ID, SHIFT_ID) VALUES (66, 45, 2, 2);
INSERT INTO SCHEDULE(ID, CALENDAR_ID, COMPANY_ID, SHIFT_ID) VALUES (67, 46, 2, 2);
INSERT INTO SCHEDULE(ID, CALENDAR_ID, COMPANY_ID, SHIFT_ID) VALUES (68, 47, 2, 2);
INSERT INTO SCHEDULE(ID, CALENDAR_ID, COMPANY_ID, SHIFT_ID) VALUES (69, 48, 2, 2);
INSERT INTO SCHEDULE(ID, CALENDAR_ID, COMPANY_ID, SHIFT_ID) VALUES (70, 49, 2, 2);
INSERT INTO SCHEDULE(ID, CALENDAR_ID, COMPANY_ID, SHIFT_ID) VALUES (71, 50, 2, 2);
INSERT INTO SCHEDULE(ID, CALENDAR_ID, COMPANY_ID, SHIFT_ID) VALUES (72, 51, 2, 2);
INSERT INTO SCHEDULE(ID, CALENDAR_ID, COMPANY_ID, SHIFT_ID) VALUES (73, 52, 2, 2);
INSERT INTO SCHEDULE(ID, CALENDAR_ID, COMPANY_ID, SHIFT_ID) VALUES (74, 45, 2, 3);
INSERT INTO SCHEDULE(ID, CALENDAR_ID, COMPANY_ID, SHIFT_ID) VALUES (75, 54, 2, 3);
INSERT INTO SCHEDULE(ID, CALENDAR_ID, COMPANY_ID, SHIFT_ID) VALUES (76, 55, 2, 3);
INSERT INTO SCHEDULE(ID, CALENDAR_ID, COMPANY_ID, SHIFT_ID) VALUES (77, 56, 2, 3);
INSERT INTO SCHEDULE(ID, CALENDAR_ID, COMPANY_ID, SHIFT_ID) VALUES (78, 57, 2, 3);
INSERT INTO SCHEDULE(ID, CALENDAR_ID, COMPANY_ID, SHIFT_ID) VALUES (79, 58, 2, 3);
INSERT INTO SCHEDULE(ID, CALENDAR_ID, COMPANY_ID, SHIFT_ID) VALUES (80, 59, 2, 3);
INSERT INTO SCHEDULE(ID, CALENDAR_ID, COMPANY_ID, SHIFT_ID) VALUES (81, 60, 2, 1);
INSERT INTO SCHEDULE(ID, CALENDAR_ID, COMPANY_ID, SHIFT_ID) VALUES (82, 61, 2, 1);
INSERT INTO SCHEDULE(ID, CALENDAR_ID, COMPANY_ID, SHIFT_ID) VALUES (83, 62, 2, 1);
INSERT INTO SCHEDULE(ID, CALENDAR_ID, COMPANY_ID, SHIFT_ID) VALUES (84, 63, 2, 1);
INSERT INTO SCHEDULE(ID, CALENDAR_ID, COMPANY_ID, SHIFT_ID) VALUES (85, 64, 2, 1);
INSERT INTO SCHEDULE(ID, CALENDAR_ID, COMPANY_ID, SHIFT_ID) VALUES (86, 65, 2, 1);
INSERT INTO SCHEDULE(ID, CALENDAR_ID, COMPANY_ID, SHIFT_ID) VALUES (87, 66, 2, 1);
INSERT INTO SCHEDULE(ID, CALENDAR_ID, COMPANY_ID, SHIFT_ID) VALUES (88, 67, 2, 1);
INSERT INTO SCHEDULE(ID, CALENDAR_ID, COMPANY_ID, SHIFT_ID) VALUES (89, 60, 2, 2);
INSERT INTO SCHEDULE(ID, CALENDAR_ID, COMPANY_ID, SHIFT_ID) VALUES (90, 61, 2, 2);
INSERT INTO SCHEDULE(ID, CALENDAR_ID, COMPANY_ID, SHIFT_ID) VALUES (91, 62, 2, 2);
INSERT INTO SCHEDULE(ID, CALENDAR_ID, COMPANY_ID, SHIFT_ID) VALUES (92, 63, 2, 2);
INSERT INTO SCHEDULE(ID, CALENDAR_ID, COMPANY_ID, SHIFT_ID) VALUES (93, 64, 2, 2);
INSERT INTO SCHEDULE(ID, CALENDAR_ID, COMPANY_ID, SHIFT_ID) VALUES (94, 65, 2, 2);
INSERT INTO SCHEDULE(ID, CALENDAR_ID, COMPANY_ID, SHIFT_ID) VALUES (95, 66, 2, 2);
INSERT INTO SCHEDULE(ID, CALENDAR_ID, COMPANY_ID, SHIFT_ID) VALUES (96, 67, 2, 2);
INSERT INTO SCHEDULE(ID, CALENDAR_ID, COMPANY_ID, SHIFT_ID) VALUES (97, 1, 2, 2);
INSERT INTO SCHEDULE(ID, CALENDAR_ID, COMPANY_ID, SHIFT_ID) VALUES (98, 22, 2, 3);
INSERT INTO SCHEDULE(ID, CALENDAR_ID, COMPANY_ID, SHIFT_ID) VALUES (99, 30, 2, 3);
INSERT INTO SCHEDULE(ID, CALENDAR_ID, COMPANY_ID, SHIFT_ID) VALUES (100, 31, 2, 3);
INSERT INTO SCHEDULE(ID, CALENDAR_ID, COMPANY_ID, SHIFT_ID) VALUES (101, 21, 2, 3);
INSERT INTO SCHEDULE(ID, CALENDAR_ID, COMPANY_ID, SHIFT_ID) VALUES (102, 15, 2, 1);
INSERT INTO SCHEDULE(ID, CALENDAR_ID, COMPANY_ID, SHIFT_ID) VALUES (103, 36, 2, 3);
INSERT INTO SCHEDULE(ID, CALENDAR_ID, COMPANY_ID, SHIFT_ID) VALUES (104, 68, 2, 1);
INSERT INTO SCHEDULE(ID, CALENDAR_ID, COMPANY_ID, SHIFT_ID) VALUES (105, 69, 2, 1);
INSERT INTO SCHEDULE(ID, CALENDAR_ID, COMPANY_ID, SHIFT_ID) VALUES (106, 70, 2, 1);
INSERT INTO SCHEDULE(ID, CALENDAR_ID, COMPANY_ID, SHIFT_ID) VALUES (107, 46, 2, 1);
INSERT INTO SCHEDULE(ID, CALENDAR_ID, COMPANY_ID, SHIFT_ID) VALUES (108, 47, 2, 1);
INSERT INTO SCHEDULE(ID, CALENDAR_ID, COMPANY_ID, SHIFT_ID) VALUES (109, 48, 2, 1);
INSERT INTO SCHEDULE(ID, CALENDAR_ID, COMPANY_ID, SHIFT_ID) VALUES (110, 49, 2, 1);
INSERT INTO SCHEDULE(ID, CALENDAR_ID, COMPANY_ID, SHIFT_ID) VALUES (111, 50, 2, 1);
INSERT INTO SCHEDULE(ID, CALENDAR_ID, COMPANY_ID, SHIFT_ID) VALUES (112, 51, 2, 1);
INSERT INTO SCHEDULE(ID, CALENDAR_ID, COMPANY_ID, SHIFT_ID) VALUES (113, 52, 2, 1);
INSERT INTO SCHEDULE_EMPLOYEE(SCHEDULE_ID, EMPLOYEES_ID) VALUES (2, 3);
INSERT INTO SCHEDULE_EMPLOYEE(SCHEDULE_ID, EMPLOYEES_ID) VALUES (3, 3);
INSERT INTO SCHEDULE_EMPLOYEE(SCHEDULE_ID, EMPLOYEES_ID) VALUES (4, 3);
INSERT INTO SCHEDULE_EMPLOYEE(SCHEDULE_ID, EMPLOYEES_ID) VALUES (5, 3);
INSERT INTO SCHEDULE_EMPLOYEE(SCHEDULE_ID, EMPLOYEES_ID) VALUES (6, 4);
INSERT INTO SCHEDULE_EMPLOYEE(SCHEDULE_ID, EMPLOYEES_ID) VALUES (7, 6);
INSERT INTO SCHEDULE_EMPLOYEE(SCHEDULE_ID, EMPLOYEES_ID) VALUES (8, 6);
INSERT INTO SCHEDULE_EMPLOYEE(SCHEDULE_ID, EMPLOYEES_ID) VALUES (9, 6);
INSERT INTO SCHEDULE_EMPLOYEE(SCHEDULE_ID, EMPLOYEES_ID) VALUES (10, 7);
INSERT INTO SCHEDULE_EMPLOYEE(SCHEDULE_ID, EMPLOYEES_ID) VALUES (11, 9);
INSERT INTO SCHEDULE_EMPLOYEE(SCHEDULE_ID, EMPLOYEES_ID) VALUES (12, 11);
INSERT INTO SCHEDULE_EMPLOYEE(SCHEDULE_ID, EMPLOYEES_ID) VALUES (14, 11);
INSERT INTO SCHEDULE_EMPLOYEE(SCHEDULE_ID, EMPLOYEES_ID) VALUES (15, 11);
INSERT INTO SCHEDULE_EMPLOYEE(SCHEDULE_ID, EMPLOYEES_ID) VALUES (16, 11);
INSERT INTO SCHEDULE_EMPLOYEE(SCHEDULE_ID, EMPLOYEES_ID) VALUES (17, 11);
INSERT INTO SCHEDULE_EMPLOYEE(SCHEDULE_ID, EMPLOYEES_ID) VALUES (23, 10);
INSERT INTO SCHEDULE_EMPLOYEE(SCHEDULE_ID, EMPLOYEES_ID) VALUES (24, 9);
INSERT INTO SCHEDULE_EMPLOYEE(SCHEDULE_ID, EMPLOYEES_ID) VALUES (26, 3);
INSERT INTO SCHEDULE_EMPLOYEE(SCHEDULE_ID, EMPLOYEES_ID) VALUES (27, 3);
INSERT INTO SCHEDULE_EMPLOYEE(SCHEDULE_ID, EMPLOYEES_ID) VALUES (28, 4);
INSERT INTO SCHEDULE_EMPLOYEE(SCHEDULE_ID, EMPLOYEES_ID) VALUES (29, 7);
INSERT INTO SCHEDULE_EMPLOYEE(SCHEDULE_ID, EMPLOYEES_ID) VALUES (30, 11);
INSERT INTO SCHEDULE_EMPLOYEE(SCHEDULE_ID, EMPLOYEES_ID) VALUES (31, 9);
INSERT INTO SCHEDULE_EMPLOYEE(SCHEDULE_ID, EMPLOYEES_ID) VALUES (32, 9);
INSERT INTO SCHEDULE_EMPLOYEE(SCHEDULE_ID, EMPLOYEES_ID) VALUES (33, 9);
INSERT INTO SCHEDULE_EMPLOYEE(SCHEDULE_ID, EMPLOYEES_ID) VALUES (34, 9);
INSERT INTO SCHEDULE_EMPLOYEE(SCHEDULE_ID, EMPLOYEES_ID) VALUES (35, 9);
INSERT INTO SCHEDULE_EMPLOYEE(SCHEDULE_ID, EMPLOYEES_ID) VALUES (36, 7);
INSERT INTO SCHEDULE_EMPLOYEE(SCHEDULE_ID, EMPLOYEES_ID) VALUES (37, 7);
INSERT INTO SCHEDULE_EMPLOYEE(SCHEDULE_ID, EMPLOYEES_ID) VALUES (38, 7);
INSERT INTO SCHEDULE_EMPLOYEE(SCHEDULE_ID, EMPLOYEES_ID) VALUES (39, 7);
INSERT INTO SCHEDULE_EMPLOYEE(SCHEDULE_ID, EMPLOYEES_ID) VALUES (40, 7);
INSERT INTO SCHEDULE_EMPLOYEE(SCHEDULE_ID, EMPLOYEES_ID) VALUES (41, 7);
INSERT INTO SCHEDULE_EMPLOYEE(SCHEDULE_ID, EMPLOYEES_ID) VALUES (42, 7);
INSERT INTO SCHEDULE_EMPLOYEE(SCHEDULE_ID, EMPLOYEES_ID) VALUES (43, 7);
INSERT INTO SCHEDULE_EMPLOYEE(SCHEDULE_ID, EMPLOYEES_ID) VALUES (44, 7);
INSERT INTO SCHEDULE_EMPLOYEE(SCHEDULE_ID, EMPLOYEES_ID) VALUES (45, 7);
INSERT INTO SCHEDULE_EMPLOYEE(SCHEDULE_ID, EMPLOYEES_ID) VALUES (55, 7);
INSERT INTO SCHEDULE_EMPLOYEE(SCHEDULE_ID, EMPLOYEES_ID) VALUES (55, 7);
INSERT INTO SCHEDULE_EMPLOYEE(SCHEDULE_ID, EMPLOYEES_ID) VALUES (46, 7);
INSERT INTO SCHEDULE_EMPLOYEE(SCHEDULE_ID, EMPLOYEES_ID) VALUES (46, 3);
INSERT INTO SCHEDULE_EMPLOYEE(SCHEDULE_ID, EMPLOYEES_ID) VALUES (46, 3);
INSERT INTO SCHEDULE_EMPLOYEE(SCHEDULE_ID, EMPLOYEES_ID) VALUES (47, 7);
INSERT INTO SCHEDULE_EMPLOYEE(SCHEDULE_ID, EMPLOYEES_ID) VALUES (47, 3);
INSERT INTO SCHEDULE_EMPLOYEE(SCHEDULE_ID, EMPLOYEES_ID) VALUES (47, 3);
INSERT INTO SCHEDULE_EMPLOYEE(SCHEDULE_ID, EMPLOYEES_ID) VALUES (48, 7);
INSERT INTO SCHEDULE_EMPLOYEE(SCHEDULE_ID, EMPLOYEES_ID) VALUES (48, 3);
INSERT INTO SCHEDULE_EMPLOYEE(SCHEDULE_ID, EMPLOYEES_ID) VALUES (48, 3);
INSERT INTO SCHEDULE_EMPLOYEE(SCHEDULE_ID, EMPLOYEES_ID) VALUES (49, 7);
INSERT INTO SCHEDULE_EMPLOYEE(SCHEDULE_ID, EMPLOYEES_ID) VALUES (49, 3);
INSERT INTO SCHEDULE_EMPLOYEE(SCHEDULE_ID, EMPLOYEES_ID) VALUES (49, 3);
INSERT INTO SCHEDULE_EMPLOYEE(SCHEDULE_ID, EMPLOYEES_ID) VALUES (50, 7);
INSERT INTO SCHEDULE_EMPLOYEE(SCHEDULE_ID, EMPLOYEES_ID) VALUES (50, 3);
INSERT INTO SCHEDULE_EMPLOYEE(SCHEDULE_ID, EMPLOYEES_ID) VALUES (50, 3);
INSERT INTO SCHEDULE_EMPLOYEE(SCHEDULE_ID, EMPLOYEES_ID) VALUES (52, 7);
INSERT INTO SCHEDULE_EMPLOYEE(SCHEDULE_ID, EMPLOYEES_ID) VALUES (52, 7);
INSERT INTO SCHEDULE_EMPLOYEE(SCHEDULE_ID, EMPLOYEES_ID) VALUES (52, 3);
INSERT INTO SCHEDULE_EMPLOYEE(SCHEDULE_ID, EMPLOYEES_ID) VALUES (52, 3);
INSERT INTO SCHEDULE_EMPLOYEE(SCHEDULE_ID, EMPLOYEES_ID) VALUES (53, 7);
INSERT INTO SCHEDULE_EMPLOYEE(SCHEDULE_ID, EMPLOYEES_ID) VALUES (53, 7);
INSERT INTO SCHEDULE_EMPLOYEE(SCHEDULE_ID, EMPLOYEES_ID) VALUES (53, 3);
INSERT INTO SCHEDULE_EMPLOYEE(SCHEDULE_ID, EMPLOYEES_ID) VALUES (53, 3);
INSERT INTO SCHEDULE_EMPLOYEE(SCHEDULE_ID, EMPLOYEES_ID) VALUES (54, 7);
INSERT INTO SCHEDULE_EMPLOYEE(SCHEDULE_ID, EMPLOYEES_ID) VALUES (54, 7);
INSERT INTO SCHEDULE_EMPLOYEE(SCHEDULE_ID, EMPLOYEES_ID) VALUES (54, 3);
INSERT INTO SCHEDULE_EMPLOYEE(SCHEDULE_ID, EMPLOYEES_ID) VALUES (54, 3);
INSERT INTO SCHEDULE_EMPLOYEE(SCHEDULE_ID, EMPLOYEES_ID) VALUES (22, 7);
INSERT INTO SCHEDULE_EMPLOYEE(SCHEDULE_ID, EMPLOYEES_ID) VALUES (21, 10);
INSERT INTO SCHEDULE_EMPLOYEE(SCHEDULE_ID, EMPLOYEES_ID) VALUES (56, 9);
INSERT INTO SCHEDULE_EMPLOYEE(SCHEDULE_ID, EMPLOYEES_ID) VALUES (57, 9);
INSERT INTO SCHEDULE_EMPLOYEE(SCHEDULE_ID, EMPLOYEES_ID) VALUES (58, 9);
INSERT INTO SCHEDULE_EMPLOYEE(SCHEDULE_ID, EMPLOYEES_ID) VALUES (59, 9);
INSERT INTO SCHEDULE_EMPLOYEE(SCHEDULE_ID, EMPLOYEES_ID) VALUES (60, 9);
INSERT INTO SCHEDULE_EMPLOYEE(SCHEDULE_ID, EMPLOYEES_ID) VALUES (61, 9);
INSERT INTO SCHEDULE_EMPLOYEE(SCHEDULE_ID, EMPLOYEES_ID) VALUES (62, 9);
INSERT INTO SCHEDULE_EMPLOYEE(SCHEDULE_ID, EMPLOYEES_ID) VALUES (63, 11);
INSERT INTO SCHEDULE_EMPLOYEE(SCHEDULE_ID, EMPLOYEES_ID) VALUES (64, 11);
INSERT INTO SCHEDULE_EMPLOYEE(SCHEDULE_ID, EMPLOYEES_ID) VALUES (65, 11);
INSERT INTO SCHEDULE_EMPLOYEE(SCHEDULE_ID, EMPLOYEES_ID) VALUES (66, 3);
INSERT INTO SCHEDULE_EMPLOYEE(SCHEDULE_ID, EMPLOYEES_ID) VALUES (67, 3);
INSERT INTO SCHEDULE_EMPLOYEE(SCHEDULE_ID, EMPLOYEES_ID) VALUES (68, 3);
INSERT INTO SCHEDULE_EMPLOYEE(SCHEDULE_ID, EMPLOYEES_ID) VALUES (69, 3);
INSERT INTO SCHEDULE_EMPLOYEE(SCHEDULE_ID, EMPLOYEES_ID) VALUES (70, 3);
INSERT INTO SCHEDULE_EMPLOYEE(SCHEDULE_ID, EMPLOYEES_ID) VALUES (71, 3);
INSERT INTO SCHEDULE_EMPLOYEE(SCHEDULE_ID, EMPLOYEES_ID) VALUES (72, 3);
INSERT INTO SCHEDULE_EMPLOYEE(SCHEDULE_ID, EMPLOYEES_ID) VALUES (73, 3);
INSERT INTO SCHEDULE_EMPLOYEE(SCHEDULE_ID, EMPLOYEES_ID) VALUES (74, 7);
INSERT INTO SCHEDULE_EMPLOYEE(SCHEDULE_ID, EMPLOYEES_ID) VALUES (75, 11);
INSERT INTO SCHEDULE_EMPLOYEE(SCHEDULE_ID, EMPLOYEES_ID) VALUES (76, 11);
INSERT INTO SCHEDULE_EMPLOYEE(SCHEDULE_ID, EMPLOYEES_ID) VALUES (77, 11);
INSERT INTO SCHEDULE_EMPLOYEE(SCHEDULE_ID, EMPLOYEES_ID) VALUES (78, 11);
INSERT INTO SCHEDULE_EMPLOYEE(SCHEDULE_ID, EMPLOYEES_ID) VALUES (79, 11);
INSERT INTO SCHEDULE_EMPLOYEE(SCHEDULE_ID, EMPLOYEES_ID) VALUES (80, 11);
INSERT INTO SCHEDULE_EMPLOYEE(SCHEDULE_ID, EMPLOYEES_ID) VALUES (81, 11);
INSERT INTO SCHEDULE_EMPLOYEE(SCHEDULE_ID, EMPLOYEES_ID) VALUES (82, 11);
INSERT INTO SCHEDULE_EMPLOYEE(SCHEDULE_ID, EMPLOYEES_ID) VALUES (82, 11);
INSERT INTO SCHEDULE_EMPLOYEE(SCHEDULE_ID, EMPLOYEES_ID) VALUES (83, 11);
INSERT INTO SCHEDULE_EMPLOYEE(SCHEDULE_ID, EMPLOYEES_ID) VALUES (83, 11);
INSERT INTO SCHEDULE_EMPLOYEE(SCHEDULE_ID, EMPLOYEES_ID) VALUES (84, 11);
INSERT INTO SCHEDULE_EMPLOYEE(SCHEDULE_ID, EMPLOYEES_ID) VALUES (84, 11);
INSERT INTO SCHEDULE_EMPLOYEE(SCHEDULE_ID, EMPLOYEES_ID) VALUES (85, 11);
INSERT INTO SCHEDULE_EMPLOYEE(SCHEDULE_ID, EMPLOYEES_ID) VALUES (85, 11);
INSERT INTO SCHEDULE_EMPLOYEE(SCHEDULE_ID, EMPLOYEES_ID) VALUES (86, 11);
INSERT INTO SCHEDULE_EMPLOYEE(SCHEDULE_ID, EMPLOYEES_ID) VALUES (86, 11);
INSERT INTO SCHEDULE_EMPLOYEE(SCHEDULE_ID, EMPLOYEES_ID) VALUES (87, 11);
INSERT INTO SCHEDULE_EMPLOYEE(SCHEDULE_ID, EMPLOYEES_ID) VALUES (87, 11);
INSERT INTO SCHEDULE_EMPLOYEE(SCHEDULE_ID, EMPLOYEES_ID) VALUES (89, 4);
INSERT INTO SCHEDULE_EMPLOYEE(SCHEDULE_ID, EMPLOYEES_ID) VALUES (90, 4);
INSERT INTO SCHEDULE_EMPLOYEE(SCHEDULE_ID, EMPLOYEES_ID) VALUES (91, 4);
INSERT INTO SCHEDULE_EMPLOYEE(SCHEDULE_ID, EMPLOYEES_ID) VALUES (92, 4);
INSERT INTO SCHEDULE_EMPLOYEE(SCHEDULE_ID, EMPLOYEES_ID) VALUES (93, 4);
INSERT INTO SCHEDULE_EMPLOYEE(SCHEDULE_ID, EMPLOYEES_ID) VALUES (94, 4);
INSERT INTO SCHEDULE_EMPLOYEE(SCHEDULE_ID, EMPLOYEES_ID) VALUES (95, 4);
INSERT INTO SCHEDULE_EMPLOYEE(SCHEDULE_ID, EMPLOYEES_ID) VALUES (96, 4);
INSERT INTO SCHEDULE_EMPLOYEE(SCHEDULE_ID, EMPLOYEES_ID) VALUES (97, 4);
INSERT INTO SCHEDULE_EMPLOYEE(SCHEDULE_ID, EMPLOYEES_ID) VALUES (98, 11);
INSERT INTO SCHEDULE_EMPLOYEE(SCHEDULE_ID, EMPLOYEES_ID) VALUES (99, 11);
INSERT INTO SCHEDULE_EMPLOYEE(SCHEDULE_ID, EMPLOYEES_ID) VALUES (100, 11);
INSERT INTO SCHEDULE_EMPLOYEE(SCHEDULE_ID, EMPLOYEES_ID) VALUES (101, 11);
INSERT INTO SCHEDULE_EMPLOYEE(SCHEDULE_ID, EMPLOYEES_ID) VALUES (19, 7);
INSERT INTO SCHEDULE_EMPLOYEE(SCHEDULE_ID, EMPLOYEES_ID) VALUES (20, 7);
INSERT INTO SCHEDULE_EMPLOYEE(SCHEDULE_ID, EMPLOYEES_ID) VALUES (13, 3);
INSERT INTO SCHEDULE_EMPLOYEE(SCHEDULE_ID, EMPLOYEES_ID) VALUES (102, 11);
INSERT INTO SCHEDULE_EMPLOYEE(SCHEDULE_ID, EMPLOYEES_ID) VALUES (51, 7);
INSERT INTO SCHEDULE_EMPLOYEE(SCHEDULE_ID, EMPLOYEES_ID) VALUES (51, 3);
INSERT INTO SCHEDULE_EMPLOYEE(SCHEDULE_ID, EMPLOYEES_ID) VALUES (51, 3);
INSERT INTO SCHEDULE_EMPLOYEE(SCHEDULE_ID, EMPLOYEES_ID) VALUES (103, 11);
INSERT INTO SCHEDULE_EMPLOYEE(SCHEDULE_ID, EMPLOYEES_ID) VALUES (104, 11);
INSERT INTO SCHEDULE_EMPLOYEE(SCHEDULE_ID, EMPLOYEES_ID) VALUES (105, 11);
INSERT INTO SCHEDULE_EMPLOYEE(SCHEDULE_ID, EMPLOYEES_ID) VALUES (106, 11);
INSERT INTO SCHEDULE_EMPLOYEE(SCHEDULE_ID, EMPLOYEES_ID) VALUES (88, 11);
INSERT INTO SCHEDULE_EMPLOYEE(SCHEDULE_ID, EMPLOYEES_ID) VALUES (88, 11);
INSERT INTO SCHEDULE_EMPLOYEE(SCHEDULE_ID, EMPLOYEES_ID) VALUES (88, 11);
INSERT INTO SCHEDULE_EMPLOYEE(SCHEDULE_ID, EMPLOYEES_ID) VALUES (1, 6);
INSERT INTO SCHEDULE_EMPLOYEE(SCHEDULE_ID, EMPLOYEES_ID) VALUES (1, 11);
INSERT INTO SCHEDULE_EMPLOYEE(SCHEDULE_ID, EMPLOYEES_ID) VALUES (1, 11);
INSERT INTO SCHEDULE_EMPLOYEE(SCHEDULE_ID, EMPLOYEES_ID) VALUES (107, 10);
INSERT INTO SCHEDULE_EMPLOYEE(SCHEDULE_ID, EMPLOYEES_ID) VALUES (108, 10);
INSERT INTO SCHEDULE_EMPLOYEE(SCHEDULE_ID, EMPLOYEES_ID) VALUES (109, 10);
INSERT INTO SCHEDULE_EMPLOYEE(SCHEDULE_ID, EMPLOYEES_ID) VALUES (110, 10);
INSERT INTO SCHEDULE_EMPLOYEE(SCHEDULE_ID, EMPLOYEES_ID) VALUES (111, 10);
INSERT INTO SCHEDULE_EMPLOYEE(SCHEDULE_ID, EMPLOYEES_ID) VALUES (112, 10);
INSERT INTO SCHEDULE_EMPLOYEE(SCHEDULE_ID, EMPLOYEES_ID) VALUES (113, 10);
INSERT INTO SETTLEMENT(ID, MONTH, WORKTIME, YEAR, EMPLOYEE_ID) VALUES (1, 4, 88.0, 2011, 3);
INSERT INTO SETTLEMENT(ID, MONTH, WORKTIME, YEAR, EMPLOYEE_ID) VALUES (2, 4, 12.0, 2011, 6);
INSERT INTO SETTLEMENT(ID, MONTH, WORKTIME, YEAR, EMPLOYEE_ID) VALUES (3, 5, 204.0, 2011, 3);
INSERT INTO SETTLEMENT(ID, MONTH, WORKTIME, YEAR, EMPLOYEE_ID) VALUES (4, 5, 20.0, 2011, 4);
INSERT INTO SETTLEMENT(ID, MONTH, WORKTIME, YEAR, EMPLOYEE_ID) VALUES (5, 5, 32.0, 2011, 6);
INSERT INTO SETTLEMENT(ID, MONTH, WORKTIME, YEAR, EMPLOYEE_ID) VALUES (6, 5, 264.0, 2011, 7);
INSERT INTO SETTLEMENT(ID, MONTH, WORKTIME, YEAR, EMPLOYEE_ID) VALUES (7, 5, 148.0, 2011, 9);
INSERT INTO SETTLEMENT(ID, MONTH, WORKTIME, YEAR, EMPLOYEE_ID) VALUES (8, 5, 180.0, 2011, 11);
INSERT INTO SETTLEMENT(ID, MONTH, WORKTIME, YEAR, EMPLOYEE_ID) VALUES (9, 5, 16.0, 2011, 10);
INSERT INTO SETTLEMENT(ID, MONTH, WORKTIME, YEAR, EMPLOYEE_ID) VALUES (10, 4, 0.0, 2011, 9);
INSERT INTO SETTLEMENT(ID, MONTH, WORKTIME, YEAR, EMPLOYEE_ID) VALUES (11, 4, 12.0, 2011, 7);
INSERT INTO SETTLEMENT(ID, MONTH, WORKTIME, YEAR, EMPLOYEE_ID) VALUES (12, 4, 324.0, 2011, 11);
INSERT INTO SETTLEMENT(ID, MONTH, WORKTIME, YEAR, EMPLOYEE_ID) VALUES (13, 4, 72.0, 2011, 4);
INSERT INTO SETTLEMENT(ID, MONTH, WORKTIME, YEAR, EMPLOYEE_ID) VALUES (14, 4, 84.0, 2011, 10);
