insert into role (id, name) values (1, 'admin')
insert into role (id, name) values (2, 'company')
insert into role (id, name) values (3, 'employee')

insert into account (login, password, role_id) values ('admin', '25e4ee4e9229397b6b17776bfceaf8e7', 1)
insert into account (login, password, role_id) values ('user', '63e780c3f321d13109c71bf81805476e', 2)

insert into company (id, name, nip, regon, account_login) values (1, 'LG', '4631246319', '634124827', 'user')
insert into company (id, name, nip, regon, account_login) values (2, 'Microsoft Corp.', '6324613294', '732647327', 'admin')

insert into rank (id, name, hourSalary, company_id) values (1, 'sprzedawca', 6.0, 1)
insert into rank (id, name, hourSalary, company_id) values (2, 'kurier', 4.0, 1)
insert into rank (id, name, hourSalary, company_id) values (3, 'kierownik', 10.0, 1)
insert into rank (id, name, hourSalary, company_id) values (4, 'recepcjonista', 6.0, 2)
insert into rank (id, name, hourSalary, company_id) values (5, 'manager', 6.0, 2)
insert into rank (id, name, hourSalary, company_id) values (6, 'konsultant it', 6.0, 1)
insert into rank (id, name, hourSalary, company_id) values (7, 'mechanik', 6.0, 2)

insert into shift (id, name, timeStart, timeEnd, company_id) values (1, 'nocna', 19, 7, 2)

insert into employeedetails (id, city, postcode, street, buildingnumber, apartmentnumber, staircasenumber, phonenumber, email) values (1, 'Gdansk', '86-333', 'Grunwaldzka', '8', '10', 'B', '600-500-400', 'michal.gosc@example.com')
insert into employeedetails (id, city, postcode, street, buildingnumber, apartmentnumber, staircasenumber, phonenumber, email) values (2, 'Warszawa', '57-333', 'Grunwaldzka', '11', '1', 'G', '600-500-400', 'zosia.sculi@example.com')
insert into employeedetails (id, city, postcode, street, buildingnumber, apartmentnumber, staircasenumber, phonenumber, email) values (3, 'Sopot', '89-223', 'Szczesliwa', '14', '2', 'A', '600-500-400', 'fox.mulder@example.com')
insert into employeedetails (id, city, postcode, street, buildingnumber, apartmentnumber, staircasenumber, phonenumber, email) values (4, 'Gdansk', '85-303', 'Polanki', '9', '8', 'X', '600-500-400', 'adam.ark@example.com')
insert into employeedetails (id, city, postcode, street, buildingnumber, apartmentnumber, staircasenumber, phonenumber, email) values (5, 'Elblag', '74-006', 'Lipowa', '1', '9', 'Y', '600-500-400', 'mateusz.glom@example.com')
insert into employeedetails (id, city, postcode, street, buildingnumber, apartmentnumber, staircasenumber, phonenumber, email) values (6, 'Szczecin', '20-133', 'Szczecinska', '2', '1', 'U', '601-502-403', 'albert.batman@example.com')
insert into employeedetails (id, city, postcode, street, buildingnumber, apartmentnumber, staircasenumber, phonenumber, email) values (7, 'Szczecin', '20-133', 'Szczecinska', '2', '1', 'U', '601-502-403', 'lucjan.prawy@example.com')
insert into employeedetails (id, city, postcode, street, buildingnumber, apartmentnumber, staircasenumber, phonenumber, email) values (8, 'Szczecin', '20-133', 'Szczecinska', '2', '1', 'U', '601-502-403', 'scala.johansson@example.com')
insert into employeedetails (id, city, postcode, street, buildingnumber, apartmentnumber, staircasenumber, phonenumber, email) values (9, 'Szczecin', '20-133', 'Szczecinska', '2', '1', 'U', '601-502-403', 'ada.wendows@example.com')

insert into employee (id, firstname, surname, pesel, nip, yob, company_id, details_id, rank_id) values (1, 'Michal', 'Gość', '89060612345', '642-346-32-82', 1989, 1, 1, 2)
insert into employee (id, firstname, surname, pesel, nip, yob, company_id, details_id, rank_id) values (2, 'Zosia', 'Sculi', '89010233344', '532-427-74-32', 1989, 1, 2, 1)
insert into employee (id, firstname, surname, pesel, nip, yob, company_id, details_id, rank_id) values (3, 'Fox', 'Mulder', '82021810012', '647-347-26-63', 1982, 2, 3, 5)
insert into employee (id, firstname, surname, pesel, nip, yob, company_id, details_id, rank_id) values (4, 'Adam', 'Ark', '87060612345', '642-346-32-82', 1987, 2, 4, 7)
insert into employee (id, firstname, surname, pesel, nip, yob, company_id, details_id, rank_id) values (5, 'Mateusz', 'Glom', '90010233344', '532-427-74-32', 1990, 1, 5, 3)
insert into employee (id, firstname, surname, pesel, nip, yob, company_id, details_id, rank_id) values (6, 'Albert', 'Batman', '82021810012', '647-347-26-63', 1982, 2, 6, 4)
insert into employee (id, firstname, surname, pesel, nip, yob, company_id, details_id, rank_id) values (7, 'Lucjan', 'Prawy', '84060612345', '642-346-32-82', 1984, 2, 7, 4)
insert into employee (id, firstname, surname, pesel, nip, yob, company_id, details_id, rank_id) values (8, 'Scala', 'Johansson', '80010233344', '532-427-74-32', 1980, 1, 8, 6)
insert into employee (id, firstname, surname, pesel, nip, yob, company_id, details_id, rank_id) values (9, 'Ada', 'Wendows', '76021810012', '647-347-26-63', 1976, 2, 9, 5)

insert into calendar (id, day, month, year) values (1, 10, 4, 2011)
insert into calendar (id, day, month, year) values (2, 11, 4, 2011)
insert into schedule (id, calendar_id, company_id, shift_id ) values (1, 1, 2, 1)
insert into schedule (id, calendar_id, company_id, shift_id ) values (2, 2, 2, 1)
insert into schedule_employee (schedule_id, employees_id) values (1, 3)
insert into schedule_employee (schedule_id, employees_id) values (2, 3)
insert into schedule_employee (schedule_id, employees_id) values (1, 6)